{
  "baseline": {
    "num_queries": 50,
    "mean_latency_s": 8.156,
    "median_latency_s": 6.261,
    "p95_latency_s": 13.118,
    "max_latency_s": 31.759,
    "min_latency_s": 2.261,
    "mean_citation_grounding": 0.88,
    "total_prompt_tokens": 104774,
    "total_completion_tokens": 13381,
    "total_tokens": 118155,
    "mean_tokens_per_query": 2363.1,
    "total_estimated_cost_usd": 0.00554,
    "mean_latency_comparative": 7.711,
    "p95_latency_comparative": 13.118,
    "mean_latency_research_trend": 6.659,
    "p95_latency_research_trend": 12.795,
    "mean_latency_tool_technology": 10.284,
    "p95_latency_tool_technology": 31.759
  },
  "hybrid": {
    "num_queries": 50,
    "mean_latency_s": 10.332,
    "median_latency_s": 12.325,
    "p95_latency_s": 25.012,
    "max_latency_s": 25.356,
    "min_latency_s": 2.381,
    "mean_citation_grounding": 0.92,
    "total_prompt_tokens": 111498,
    "total_completion_tokens": 13622,
    "total_tokens": 125120,
    "mean_tokens_per_query": 2502.4,
    "total_estimated_cost_usd": 0.00581,
    "mean_latency_comparative": 11.808,
    "p95_latency_comparative": 25.102,
    "mean_latency_research_trend": 5.777,
    "p95_latency_research_trend": 13.037,
    "mean_latency_tool_technology": 13.981,
    "p95_latency_tool_technology": 25.356
  },
  "delta": {
    "latency_diff_s": 2.176,
    "p95_latency_diff_s": 11.894,
    "citation_grounding_diff": 0.04
  },
  "ragas": {
    "faithfulness": [
      0.15789473684210525,
      0.2727272727272727,
      0.125,
      0.35294117647058826,
      0.1875,
      0.11764705882352941,
      0.10526315789473684,
      0.3888888888888889,
      0.21739130434782608,
      0.037037037037037035,
      0.13333333333333333,
      0.0,
      0.0,
      0.0,
      0.15,
      0.125,
      0.07142857142857142,
      0.0,
      0.0,
      0.19047619047619047,
      0.05555555555555555,
      0.29411764705882354,
      0.0,
      0.11538461538461539,
      0.0,
      0.29411764705882354,
      0.1111111111111111,
      0.34210526315789475,
      0.3125,
      0.0,
      0.25,
      0.0,
      0.0625,
      0.35,
      0.2608695652173913,
      0.36363636363636365,
      0.2727272727272727,
      0.22727272727272727,
      0.2222222222222222,
      0.0,
      0.14285714285714285,
      0.0,
      0.047619047619047616,
      0.13333333333333333,
      0.3333333333333333,
      0.42857142857142855,
      0.0,
      0.19047619047619047,
      0.3333333333333333,
      0.0,
      0.1111111111111111,
      0.23809523809523808,
      0.2916666666666667,
      0.25,
      0.23529411764705882,
      0.14285714285714285,
      0.1875,
      0.16666666666666666,
      0.17391304347826086,
      0.03571428571428571,
      0.2222222222222222,
      0.0,
      0.125,
      0.0,
      0.17647058823529413,
      0.18181818181818182,
      0.0,
      0.1111111111111111,
      0.0,
      0.13043478260869565,
      0.0,
      0.08695652173913043,
      0.0,
      0.375,
      0.0,
      0.0,
      0.15,
      0.22727272727272727,
      0.04,
      0.23809523809523808,
      0.11764705882352941,
      0.0,
      0.0,
      0.0,
      0.0,
      0.2727272727272727,
      0.15789473684210525,
      0.34782608695652173,
      0.05,
      0.0,
      0.0,
      0.13636363636363635,
      0.0,
      0.0,
      0.35294117647058826,
      0.3,
      0.0,
      0.125,
      0.4090909090909091,
      0.14285714285714285
    ],
    "answer_relevancy": [
      0.9588811226075538,
      0.9978024983246095,
      0.8751627144538864,
      0.9206484336700935,
      0.9891457935193605,
      0.8447208511114811,
      0.99739702548722,
      0.9999999999999996,
      0.996293696700699,
      0.9999999999999989,
      0.9999999999999993,
      0.9811677459409414,
      0.9721664336883251,
      0.9870683965713923,
      0.8846110024921778,
      0.9999999999999981,
      0.999999999999998,
      0.8382021074058729,
      0.607477162827669,
      0.9941191340732649,
      0.7376322453892287,
      0.9680403330561298,
      0.9804860324503436,
      0.9999999999999993,
      0.9999999999999988,
      0.9975596325442524,
      0.9999999999999991,
      0.9789396231732607,
      0.984915877426621,
      0.9883593957060492,
      0.996013913319166,
      0.9108427213649893,
      0.9999999999999996,
      0.7147479366345948,
      0.6959940579626239,
      0.944333684291663,
      0.9955331725539023,
      0.8468847884456282,
      0.9999999999999989,
      0.9999999999999991,
      0.8232793256863071,
      0.9294654995481698,
      0.9999999999999989,
      0.9962853228146684,
      0.8827381158731854,
      0.9999999999999987,
      0.9821425713262998,
      0.9957347363289678,
      0.9986191266266707,
      0.9479306798180852,
      0.9588811226075538,
      0.9978024983246095,
      0.8751627144538864,
      0.9162251884244484,
      0.9891457935193605,
      0.9185348667250715,
      0.99739702548722,
      0.9565017298568902,
      0.996293696700699,
      0.9999999999999989,
      0.9999999999999993,
      0.9811677459409414,
      0.9721664336883251,
      0.9870683965713923,
      0.9865992087410068,
      0.9911754107805031,
      0.999999999999998,
      0.8415608898093956,
      0.9999999999999987,
      0.9941191340732649,
      0.7279643524150484,
      0.9680403330561298,
      0.9804860324503436,
      0.9999999999999993,
      0.9999999999999988,
      0.8568095574100916,
      0.9999999999999991,
      0.9789396231732607,
      0.9864906559726293,
      0.0,
      0.996013913319166,
      0.9108427213649893,
      0.7377685309577477,
      0.7147479366345948,
      0.6959940579626239,
      0.9603553349736269,
      0.999999999999998,
      0.9305467207734819,
      0.9999999999999989,
      0.9999999999999991,
      0.8232793256863071,
      0.9912828880833671,
      0.9999999999999989,
      0.9962853228146684,
      0.8923325508255607,
      0.9999999999999987,
      0.9687583274767654,
      0.9957347363289678,
      0.9984878401301581,
      0.8797366884799763
    ],
    "context_precision": [
      0.0,
      0.249999999975,
      0.49999999995,
      0.99999999995,
      0.19999999998,
      0.49999999995,
      0.3333333333,
      0.0,
      0.19999999998,
      0.99999999995,
      0.9999999999,
      0.0,
      0.0,
      0.0,
      0.0,
      0.9999999999,
      0.0,
      0.0,
      0.0,
      0.9999999999,
      0.0,
      0.0,
      0.99999999995,
      0.249999999975,
      0.0,
      0.0,
      0.9999999999,
      0.9999999999,
      0.0,
      0.0,
      0.49999999995,
      0.0,
      0.19999999998,
      0.9999999999,
      0.0,
      0.8666666666377778,
      0.9999999999,
      0.0,
      0.0,
      0.0,
      0.19999999998,
      0.9166666666361111,
      0.49999999995,
      0.0,
      0.5833333333041666,
      0.0,
      0.0,
      0.0,
      0.9999999999,
      0.0,
      0.0,
      0.19999999998,
      0.49999999995,
      0.99999999995,
      0.19999999998,
      0.4166666666458333,
      0.9999999999,
      0.0,
      0.9999999999,
      0.9999999999666667,
      0.9999999999,
      0.0,
      0.0,
      0.0,
      0.0,
      0.99999999995,
      0.0,
      0.0,
      0.0,
      0.7499999999625,
      0.0,
      0.0,
      0.99999999995,
      0.249999999975,
      0.0,
      0.0,
      0.0,
      0.9999999999,
      0.0,
      0.0,
      0.499999999975,
      0.0,
      0.9999999999,
      0.7499999999625,
      0.0,
      0.9166666666361111,
      0.0,
      0.0,
      0.0,
      0.0,
      0.3333333333,
      0.99999999995,
      0.499999999975,
      0.0,
      0.5833333333041666,
      0.0,
      0.0,
      0.0,
      0.249999999975,
      0.0
    ]
  },
  "grid_search": {
    "all_configs": [
      {
        "alpha": 0.4,
        "beta": 0.3,
        "gamma": 0.3,
        "mean_similarity": 0.5117,
        "mean_latency_s": 1.547,
        "p95_latency_s": 2.699,
        "within_threshold": false
      },
      {
        "alpha": 0.5,
        "beta": 0.25,