{
  "baseline": {
    "num_queries": 50,
    "mean_latency_s": 1.125,
    "median_latency_s": 1.113,
    "p95_latency_s": 1.477,
    "max_latency_s": 1.813,
    "min_latency_s": 0.716,
    "mean_citation_grounding": 0.88,
    "total_prompt_tokens": 97164,
    "total_completion_tokens": 13466,
    "total_tokens": 110630,
    "mean_tokens_per_query": 2212.6,
    "total_estimated_cost_usd": 0.005286,
    "mean_latency_comparative": 1.191,
    "p95_latency_comparative": 1.477,
    "mean_latency_research_trend": 1.146,
    "p95_latency_research_trend": 1.813,
    "mean_latency_tool_technology": 1.035,
    "p95_latency_tool_technology": 1.41
  },
  "hybrid": {
    "num_queries": 50,
    "mean_latency_s": 2.487,
    "median_latency_s": 1.933,
    "p95_latency_s": 2.444,
    "max_latency_s": 30.496,
    "min_latency_s": 1.383,
    "mean_citation_grounding": 0.86,
    "total_prompt_tokens": 103635,
    "total_completion_tokens": 13389,
    "total_tokens": 117024,
    "mean_tokens_per_query": 2340.5,
    "total_estimated_cost_usd": 0.005502,
    "mean_latency_comparative": 2.066,
    "p95_latency_comparative": 2.481,
    "mean_latency_research_trend": 3.487,
    "p95_latency_research_trend": 30.496,
    "mean_latency_tool_technology": 1.783,
    "p95_latency_tool_technology": 2.274
  },
  "delta": {
    "latency_diff_s": 1.362,
    "p95_latency_diff_s": 0.967,
    "citation_grounding_diff": -0.02
  },
  "ragas": {
    "faithfulness": [
      0.7222222222222222,
      0.625,
      1.0,
      1.0,
      0.8888888888888888,
      0.8888888888888888,
      0.875,
      0.5882352941176471,
      0.9090909090909091,
      0.6666666666666666,
      0.6666666666666666,
      0.6086956521739131,
      0.625,
      0.85,
      0.8,
      0.6666666666666666,
      1.0,
      0.8823529411764706,
      0.9047619047619048,
      0.9411764705882353,
      0.0,
      0.5294117647058824,
      0.875,
      0.43478260869565216,
      0.8571428571428571,
      0.7692307692307693,
      0.5454545454545454,
      0.625,
      0.5882352941176471,
      0.7727272727272727,
      0.7368421052631579,
      0.375,
      0.0,
      0.8,
      0.8,
      0.7857142857142857,
      0.25,
      0.5555555555555556,
      0.7692307692307693,
      1.0,
      0.8,
      0.7368421052631579,
      0.2727272727272727,
      0.25,
      0.2608695652173913,
      1.0,
      0.5263157894736842,
      0.6666666666666666,
      0.7777777777777778,
      1.0,
      0.9333333333333333,
      0.7,
      0.8,
      1.0,
      1.0,
      1.0,
      0.782608695652174,
      0.9473684210526315,
      0.8823529411764706,
      0.6153846153846154,
      0.8571428571428571,
      0.7857142857142857,
      1.0,
      0.9142857142857143,
      0.4166666666666667,
      1.0,
      0.6428571428571429,
      0.7619047619047619,
      0.631578947368421,
      1.0,
      0.5,
      0.6666666666666666,
      1.0,
      1.0,
      0.9259259259259259,
      0.8181818181818182,
      1.0,
      0.8421052631578947,
      0.3333333333333333,
      0.75,
      0.7647058823529411,
      0.7777777777777778,
      0.4,
      0.5,
      0.6666666666666666,
      0.7333333333333333,
      0.5172413793103449,
      0.44,
      1.0,
      0.6666666666666666,
      0.4583333333333333,
      0.8636363636363636,
      0.8461538461538461,
      0.6875,
      0.5384615384615384,
      0.8571428571428571,
      0.5789473684210527,
      0.3333333333333333,
      0.5333333333333333,
      0.6842105263157895
    ],
    "answer_relevancy": [
      0.9588810971630016,
      0.997802498204795,
      0.8751626701059739,
      0.9366191377962811,
      0.9891458200021314,
      0.908619166809045,
      0.6113740824510306,
      0.8647135063373321,
      0.9962936941585862,
      1.0,
      1.0,
      0.0,
      0.9900252208401495,
      0.9870683926387592,
      1.0000000000000002,
      0.9999999999999998,
      0.0,
      0.7602299665781629,
      0.9999999999999996,
      0.9727339177860247,
      0.7533587084916349,
      0.9634245279400312,
      0.9852797027730837,
      1.0,
      1.0,
      0.997559631004768,
      1.0,
      0.9789396331254795,
      0.9864906662196015,
      0.9883593934666428,
      0.9960139129868106,
      0.9514357139787574,
      0.6783294272450539,
      0.958824080911707,
      0.9988041026125661,
      0.9577066959039693,
      0.9999999999999998,
      0.813277119319344,
      0.0,
      1.0,
      0.8232793602180988,
      0.8939294301328681,
      0.9999999999999999,
      0.9962853230353106,
      0.9416647056959119,
      0.9999999999999998,
      1.0,
      0.0,
      0.9984878357362313,
      0.9479306706246201,
      0.9588810971630016,
      0.997802498204795,
      0.8751626701059739,
      0.9999999999999998,
      0.9891458200021314,
      0.8277351643474055,
      0.7558989755050844,
      0.9565017649064589,
      0.9962936941585862,
      0.9954465345599479,
      0.9497495904509549,
      0.9811677428986358,
      0.9900252208401495,
      1.0000000000000004,
      0.8986354703172654,
      0.9999999999999998,
      1.0,
      0.8441887483685934,
      0.6074771345151043,
      0.9843268558774345,
      0.7291568441248215,
      0.9312654458827305,
      0.9852797027730837,
      1.0,
      1.0,
      0.997559631004768,
      0.6199745034103056,
      0.9550243862364396,
      0.9864906662196015,
      0.9883593934666428,
      0.9960139129868106,
      0.940591452601342,
      0.6456512088110945,
      0.8652737183709526,
      0.6959941074678527,
      0.9999999999999998,
      0.9999999999999998,
      1.0,
      0.9905417672860117,
      1.0,
      0.9923245830545372,
      0.9153293058053715,
      0.9999999999999999,
      0.9962853230353106,
      0.9530309996608074,
      0.9999999999999998,
      0.9821425777937546,
      0.9957347305307543,
      0.998619124450519,
      0.9479306706246201
    ],
    "context_precision": [
      0.0,
      0.9999999999,
      0.0,
      0.0,
      0.0,
      0.0,
      0.0,
      0.0,
      0.0,
      0.49999999995,
      0.9999999999,
      0.0,
      0.0,
      0.0,
      0.249999999975,
      0.0,
      0.0,
      0.0,
      0.3333333333,
      0.9999999999666667,
      0.0,
      0.9999999999,
      0.9999999999,
      0.0,
      0.0,
      0.0,
      0.0,
      0.0,
      0.0,
      0.0,
      0.0,
      0.0,
      0.0,
      0.0,
      0.0,
      0.0,
      0.9999999999,
      0.49999999995,
      0.0,
      0.99999999995,
      0.0,
      0.99999999995,
      0.0,
      0.0,
      0.3333333333,
      0.499999999975,
      0.0,
      0.0,
      0.0,
      0.0,
      0.0,
      0.9999999999,
      0.0,
      0.0,
      0.0,
      0.0,
      0.0,
      0.19999999998,
      0.0,
      0.249999999975,
      0.9999999999,
      0.0,
      0.0,
      0.0,
      0.249999999975,
      0.99999999995,
      0.19999999998,
      0.49999999995,
      0.7499999999625,
      0.99999999995,
      0.3333333333,
      0.99999999995,
      0.8333333332916666,
      0.249999999975,
      0.0,
      0.0,
      0.0,
      0.0,
      0.0,
      0.0,
      0.0,
      0.9999999999,
      0.0,
      0.0,
      0.3333333333,
      0.0,
      0.99999999995,
      0.0,
      0.0,
      0.9999999999,
      0.0,
      0.99999999995,
      0.0,
      0.0,
      0.0,
      0.49999999995,
      0.49999999995,
      0.0,
      0.0,
      0.0
    ]
  },
  "statistical_tests": {
    "n_pairs": 50,
    "latency_wilcoxon": {
      "statistic": 0.0,
      "p_value": 0.0,
      "significant_at_005": true,
      "significant_at_001": true,
      "mean_diff_s": -1.362,
      "median_diff_s": -0.797
    },
    "latency_cohens_d": -0.337,
    "effect_size": "small",
    "citation_wilcoxon": {
      "note": "no_significant_difference_in_pairs"
    },
    "precision_wilcoxon": {
      "statistic": 50.5,
      "p_value": 0.072922,
      "significant_at_005": false,
      "mean_diff": 0.0697
    },
    "latency_diff_95ci": [
      -2.564,
      -0.72
    ]
  },