{
  "faithfulness": [
    1.0,
    1.0,
    1.0,
    1.0,
    0.95,
    1.0,
    0.85,
    0.7777777777777778,
    0.65,
    0.9230769230769231,
    0.8571428571428571,
    0.625,
    1.0,
    1.0,
    0.8,
    0.6842105263157895,
    0.8235294117647058,
    0.47058823529411764,
    0.7777777777777778,
    0.6470588235294118,
    0.7894736842105263,
    0.75,
    0.75,
    1.0,
    0.5,
    0.9411764705882353,
    0.9285714285714286,
    0.42857142857142855,
    1.0,
    0.25,
    0.7857142857142857,
    0.7692307692307693,
    0.9333333333333333,
    0.47368421052631576,
    0.6666666666666666,
    0.9166666666666666,
    1.0,
    0.7647058823529411,
    0.45454545454545453,
    1.0,
    0.6666666666666666,
    0.8235294117647058,
    0.9230769230769231,
    0.7692307692307693,
    1.0,
    1.0,
    0.7058823529411765,
    0.8823529411764706,
    0.9411764705882353,
    0.42857142857142855,
    0.7222222222222222,
    0.7692307692307693,
    1.0,
    0.9375,
    1.0,
    1.0,
    0.6363636363636364,
    0.9411764705882353,
    1.0,
    0.7,
    0.9090909090909091,
    0.25,
    0.9393939393939394,
    0.8333333333333334,
    0.6875,
    0.5652173913043478,
    0.7619047619047619,
    0.6111111111111112,
    0.75,
    0.88,
    0.5555555555555556,
    1.0,
    0.6666666666666666,
    1.0,
    1.0,
    1.0,
    1.0,
    0.9090909090909091,
    1.0,
    0.8421052631578947,
    0.8888888888888888,
    0.6521739130434783,
    0.7857142857142857,
    0.4838709677419355,
    0.6666666666666666,
    0.8571428571428571,
    0.9545454545454546,
    0.631578947368421,
    0.4090909090909091,
    0.34782608695652173,
    0.8,
    0.9090909090909091,
    0.7,
    1.0,
    1.0,
    0.0,
    0.7647058823529411,
    0.6875,
    0.9047619047619048,
    0.19047619047619047
  ],
  "answer_relevancy": [
    0.943278947793974,
    0.9978024983246095,
    0.8751627144538864,
    0.9014286656423314,
    0.9891457935193605,
    0.7715345875510464,
    0.99739702548722,
    0.9309014799061646,
    0.996293696700699,
    0.9999999999999989,
    0.9999999999999993,
    0.9811677459409414,
    0.9935422397398197,
    0.9870683965713923,
    0.8889819936949063,
    0.9928696693867892,
    0.999999999999998,
    0.8415608898093956,
    0.9999999999999987,
    0.9727339290648686,
    0.7376322453892287,
    0.9704704495993606,
    0.9804860324503436,
    0.9498707252541885,
    0.9999999999999988,
    0.8487964595370224,
    0.9999999999999991,
    0.7278453725934921,
    0.9882699880438532,
    0.9999999999999989,
    0.996013913319166,
    0.9108427213649893,
    0.9970391513209049,
    0.7178853270123183,
    0.6959940579626239,
    0.9577067073099501,
    0.9955331725539023,
    0.9999999999999993,
    0.9999999999999989,
    0.9999999999999991,
    0.8232793256863071,
    0.9424096710719011,
    0.9999999999999989,
    0.9934257267092039,
    0.8591371647637321,
    0.9999999999999987,
    0.9821425713262998,
    0.9957347363289678,
    0.9986191266266707,
    0.9479306798180852,
    0.944520056743386,
    0.8651911398519743,
    0.8751627144538864,
    0.9999999999999989,
    0.9891457935193605,
    0.8646399559258925,
    0.648975328423328,
    0.9360712309954258,
    0.996293696700699,
    0.9139560900685548,
    0.9999999999999993,
    0.9811677459409414,
    0.990025224866761,
    0.9870683965713923,
    0.9357659505217418,
    0.9999999999999981,
    0.999999999999998,
    0.9588858649039614,
    0.9999999999999987,
    0.9941191340732649,
    0.703029504528502,
    0.9680403330561298,
    0.9804860324503436,
    0.9485172695616355,
    0.9999999999999988,
    0.8568095574100916,
    0.9999999999999991,
    0.8431490092480507,
    0.9864906559726293,
    0.9883593957060492,
    0.996013913319166,
    0.9108427213649893,
    0.9999999999999996,
    0.7147479366345948,
    0.6959940579626239,
    0.9577067073099501,
    0.999999999999998,
    0.9999999999999993,
    0.9999999999999989,
    0.9999999999999991,
    0.6734374614708792,
    0.9424096710719011,
    0.9999999999999989,
    0.9962853228146684,
    0.8923325508255607,
    0.9999999999999987,
    0.9821425713262998,
    0.9957347363289678,
    0.9984878401301581,
    0.9078061287589284
  ],
  "context_precision": [
    0.0,
    0.0,
    0.0,
    0.99999999995,
    0.49999999995,
    0.5888888888692593,
    0.0,
    0.0,
    0.0,
    0.49999999995,
    0.19999999998,
    0.49999999995,
    0.0,
    0.49999999995,
    0.9999999999,
    0.0,
    0.0,
    0.19999999998,
    0.0,
    0.99999999995,
    0.0,
    0.0,
    0.9166666666361111,
    0.0,
    0.9999999999,
    0.0,
    0.0,
    0.9999999999,
    0.9999999999,
    0.0,
    0.0,
    0.3333333333,
    0.249999999975,
    0.0,
    0.0,
    0.19999999998,
    0.7499999999625,
    0.0,
    0.0,
    0.49999999995,
    0.3333333333,
    0.9999999999,
    0.0,
    0.36666666664833336,
    0.5833333333041666,
    0.9999999999,
    0.0,
    0.0,
    0.0,
    0.0,
    0.0,
    0.0,
    0.0,
    0.99999999995,
    0.0,
    0.19999999998,
    0.0,
    0.9999999999,
    0.0,
    0.0,
    0.8041666666465626,
    0.0,
    0.0,
    0.0,
    0.0,
    0.0,
    0.0,
    0.9999999999,
    0.9999999999,
    0.9999999999666667,
    0.5833333333041666,
    0.0,
    0.4499999999775,
    0.19999999998,
    0.49999999995,
    0.0,
    0.0,
    0.9999999999,
    0.699999999965,
    0.0,
    0.3333333333,
    0.9999999999,
    0.36666666664833336,
    0.0,
    0.0,
    0.0,
    0.9999999999,
    0.0,
    0.0,
    0.3333333333,
    0.499999999975,
    0.0,
    0.249999999975,
    0.9166666666361111,
    0.7499999999625,
    0.3333333333,
    0.49999999995,
    0.0,
    0.0,
    0.0
  ]
}